Unit of data: ID,Geographical object: identifier,Latitude point,Longitude point,Month within year,Wind: speed average,Wind: speed max,Wind: speed min,"Geometry (point, surface, grid)",m1232
21577,213,57.5,17.5,9,7,26,0,,1
21577,213,57.5,17.5,10,8,45,0,,2
21577,213,57.5,17.5,11,8,28,0,,3
21577,213,57.5,17.5,12,9,30,0,,4
21578,213,57.6,18.2,1,9,30,0,,5
21578,213,57.6,18.2,2,8,32,0,,6
21578,213,57.6,18.2,3,7,30,0,,7
21578,213,57.6,18.2,4,6,41,0,,8
21578,213,57.6,18.2,5,5,21,0,,9
21578,213,57.6,18.2,6,5,25,0,,10
21578,213,57.6,18.2,7,5,21,0,,11
21578,213,57.6,18.2,8,5,43,0,,12
21578,213,57.6,18.2,9,7,23,0,,13
21578,213,57.6,18.2,10,8,24,0,,14
21578,213,57.6,18.2,11,9,30,0,,15
21578,213,57.6,18.2,12,9,26,0,,16
21579,213,57.5,19.5,1,9,32,0,,17
21579,213,57.5,19.5,2,8,42,0,,18
21579,213,57.5,19.5,3,7,40,0,,19
21579,213,57.5,19.5,4,6,25,0,,20
21579,213,57.5,19.5,5,5,44,0,,21
21579,213,57.5,19.5,6,6,43,0,,22
21579,213,57.5,19.5,7,6,29,0,,23
21579,213,57.5,19.5,8,6,37,0,,24
21579,213,57.5,19.5,9,7,22,0,,25
21579,213,57.5,19.5,10,8,28,0,,26
21579,213,57.5,19.5,11,8,42,0,,27
21579,213,57.5,19.5,12,9,29,0,,28
21587,213,58.5,17.5,1,9,21,0,,29
21587,213,58.5,17.5,2,6,24,0,,30
21587,213,58.5,17.5,3,6,26,0,,31
21587,213,58.5,17.5,4,5,22,0,,32
21587,213,58.5,17.5,5,6,18,0,,33
21587,213,58.5,17.5,6,6,18,0,,34
21587,213,58.5,17.5,7,5,14,0,,35
21587,213,58.5,17.5,8,6,20,0,,36
21587,213,58.5,17.5,9,6,20,0,,37
21587,213,58.5,17.5,10,7,20,0,,38
21587,213,58.5,17.5,11,8,27,0,,39
21587,213,58.5,17.5,12,8,23,1,,40
21588,213,58.5,18.5,1,9,24,0,,41
21588,213,58.5,18.5,2,7,23,0,,42
21588,213,58.5,18.5,3,6,20,0,,43
21588,213,58.5,18.5,4,6,22,0,,44
21588,213,58.5,18.5,5,5,26,0,,45
21588,213,58.5,18.5,6,5,17,0,,46
21588,213,58.5,18.5,7,6,20,0,,47
21588,213,58.5,18.5,8,6,22,0,,48
21588,213,58.5,18.5,9,7,30,0,,49
21588,213,58.5,18.5,10,7,23,0,,50
21588,213,58.5,18.5,11,9,24,0,,51
21588,213,58.5,18.5,12,9,23,0,,52
21589,213,58.5,19.5,1,9,25,0,,53
21589,213,58.5,19.5,2,7,30,0,,54
21589,213,58.5,19.5,3,7,22,0,,55
21589,213,58.5,19.5,4,6,22,0,,56
21589,213,58.5,19.5,5,6,19,0,,57
21589,213,58.5,19.5,6,5,35,0,,58
21589,213,58.5,19.5,7,5,18,0,,59
21589,213,58.5,19.5,8,5,22,0,,60
21589,213,58.5,19.5,9,7,23,0,,61
21589,213,58.5,19.5,10,9,30,0,,62
21589,213,58.5,19.5,11,9,25,0,,63
21589,213,58.5,19.5,12,9,31,0,,64
21598,213,59,18.2,1,6,20,1,,65
21598,213,59,18.2,2,12,16,1,,66
21598,213,59,18.2,3,6,17,0,,67
21598,213,59,18.2,4,3,19,0,,68
21598,213,59,18.2,5,3,12,0,,69
21598,213,59,18.2,6,3,20,0,,70
21598,213,59,18.2,7,4,11,0,,71
21598,213,59,18.2,8,5,19,0,,72
21598,213,59,18.2,9,6,11,1,,73
21598,213,59,18.2,10,6,15,2,,74
21598,213,59,18.2,11,9,16,3,,75
21598,213,59,18.2,12,6,18,1,,76
21482,213,58.1,22,11,6,19,2,,77
21482,213,58.1,22,12,9,18,0,,78
21460,213,56.5,20.5,1,8,22,0,,79
21460,213,56.5,20.5,2,7,40,0,,80
21460,213,56.5,20.5,3,7,40,0,,81
21460,213,56.5,20.5,4,6,21,0,,82
21460,213,56.5,20.5,5,5,16,0,,83
21460,213,56.5,20.5,6,5,19,0,,84
21460,213,56.5,20.5,7,6,21,0,,85
21460,213,56.5,20.5,8,6,31,0,,86
21460,213,56.5,20.5,9,7,25,0,,87
21460,213,56.5,20.5,10,8,22,0,,88
21460,213,56.5,20.5,11,9,28,0,,89
21460,213,56.5,20.5,12,9,30,0,,90
21461,213,56.8,21,1,8,15,3,,91
21461,213,56.8,21,2,7,40,0,,92
21461,213,56.8,21,3,5,15,0,,93
21461,213,56.8,21,4,5,14,0,,94
21461,213,56.8,21,5,4,9,1,,95
21461,213,56.8,21,6,3,15,0,,96
21461,213,56.8,21,7,6,12,1,,97
21461,213,56.8,21,8,4,15,0,,98
21461,213,56.8,21,9,4,13,0,,99
21461,213,56.8,21,10,9,14,3,,100
21461,213,56.8,21,11,9,16,3,,101
21461,213,56.8,21,12,7,30,0,,102
21470,213,57.5,20.5,1,9,26,0,,103
21470,213,57.5,20.5,2,8,40,0,,104
21470,213,57.5,20.5,3,7,23,0,,105
21470,213,57.5,20.5,4,6,33,0,,106
21470,213,57.5,20.5,5,6,41,0,,107
21470,213,57.5,20.5,6,6,27,0,,108
21470,213,57.5,20.5,7,6,45,0,,109
21470,213,57.5,20.5,8,7,26,0,,110
21470,213,57.5,20.5,9,8,35,0,,111
21470,213,57.5,20.5,10,9,26,0,,112
21470,213,57.5,20.5,11,9,26,0,,113
21470,213,57.5,20.5,12,9,24,0,,114
21471,213,57.5,21.5,1,9,26,0,,115
21471,213,57.5,21.5,2,8,26,0,,116
21471,213,57.5,21.5,3,7,34,0,,117
21471,213,57.5,21.5,4,6,20,0,,118
21471,213,57.5,21.5,5,6,41,0,,119
21471,213,57.5,21.5,6,5,19,0,,120
21471,213,57.5,21.5,7,6,17,0,,121
21471,213,57.5,21.5,8,6,17,0,,122
21471,213,57.5,21.5,9,7,24,0,,123
21471,213,57.5,21.5,10,8,21,0,,124
21471,213,57.5,21.5,11,8,26,0,,125
21471,213,57.5,21.5,12,9,30,0,,126
21480,213,58.5,20.5,1,9,25,0,,127
21480,213,58.5,20.5,2,8,33,0,,128
21480,213,58.5,20.5,3,8,30,0,,129
21480,213,58.5,20.5,4,6,34,0,,130
21480,213,58.5,20.5,5,5,30,0,,131
21480,213,58.5,20.5,6,6,45,0,,132
21480,213,58.5,20.5,7,6,35,0,,133
21480,213,58.5,20.5,8,6,27,0,,134
21480,213,58.5,20.5,9,7,22,0,,135
21480,213,58.5,20.5,11,9,31,0,,136
21480,213,58.5,20.5,12,9,28,0,,137
21481,213,58.5,21.5,1,9,25,0,,138
21481,213,58.5,21.5,2,8,33,0,,139
21481,213,58.5,21.5,3,7,23,0,,140
21481,213,58.5,21.5,4,6,30,0,,141
21481,213,58.5,21.5,6,6,20,0,,142
21481,213,58.5,21.5,7,6,18,0,,143
21481,213,58.5,21.5,8,7,22,0,,144
21481,213,58.5,21.5,9,7,28,0,,145
21481,213,58.5,21.5,10,8,28,0,,146
21481,213,58.5,21.5,12,9,24,0,,147
21482,213,58.1,22,1,10,17,2,,148
21482,213,58.1,22,2,5,20,0,,149
21482,213,58.1,22,3,11,20,4,,150
21482,213,58.1,22,4,7,15,0,,151
21482,213,58.1,22,5,4,14,0,,152
21482,213,58.1,22,7,4,10,0,,153
21482,213,58.1,22,8,4,12,0,,154
21482,213,58.1,22,9,7,13,2,,155
21482,213,58.1,22,10,8,30,0,,156
21567,213,56.5,17.5,1,9,33,0,,157
21567,213,56.5,17.5,2,8,30,0,,158
21567,213,56.5,17.5,3,8,24,0,,159
21567,213,56.5,17.5,4,6,28,0,,160
21567,213,56.5,17.5,5,6,23,0,,161
21567,213,56.5,17.5,6,6,27,0,,162
21567,213,56.5,17.5,7,6,23,0,,163
21567,213,56.5,17.5,8,6,28,0,,164
21567,213,56.5,17.5,9,7,30,0,,165
21567,213,56.5,17.5,10,8,25,0,,166
21567,213,56.5,17.5,11,8,30,0,,167
21567,213,56.5,17.5,12,9,37,0,,168
21568,213,56.5,18.5,1,9,34,0,,169
21568,213,56.5,18.5,2,8,45,0,,170
21568,213,56.5,18.5,3,7,30,0,,171
21568,213,56.5,18.5,4,6,29,0,,172
21568,213,56.5,18.5,5,6,30,0,,173
21568,213,56.5,18.5,6,5,20,0,,174
21568,213,56.5,18.5,7,6,24,0,,175
21568,213,56.5,18.5,8,6,28,0,,176
21568,213,56.5,18.5,9,7,26,0,,177
21568,213,56.5,18.5,10,8,40,0,,178
21568,213,56.5,18.5,11,9,33,0,,179
21568,213,56.5,18.5,12,9,30,0,,180
21569,213,56.5,19.5,1,9,27,0,,181
21569,213,56.5,19.5,2,8,30,0,,182
21569,213,56.5,19.5,3,7,24,0,,183
21569,213,56.5,19.5,4,5,25,0,,184
21569,213,56.5,19.5,5,5,20,0,,185
21569,213,56.5,19.5,6,5,43,0,,186
21569,213,56.5,19.5,7,5,20,0,,187
21569,213,56.5,19.5,9,8,22,0,,188
21569,213,56.5,19.5,10,9,23,0,,189
21569,213,56.5,19.5,11,9,25,0,,190
21569,213,56.5,19.5,12,9,24,0,,191
21576,213,57,16.7,1,10,20,1,,192
21576,213,57,16.7,2,6,22,0,,193
21576,213,57,16.7,4,7,20,0,,194
21576,213,57,16.7,5,5,13,2,,195
21576,213,57,16.7,6,5,13,2,,196
21576,213,57,16.7,7,3,16,0,,197
21576,213,57,16.7,8,4,13,0,,198
21576,213,57,16.7,9,5,19,0,,199
21576,213,57,16.7,11,7,20,0,,200
21576,213,57,16.7,12,9,20,0,,201
21577,213,57.5,17.5,1,8,26,0,,202
21577,213,57.5,17.5,2,7,30,0,,203
21577,213,57.5,17.5,3,7,24,0,,204
21577,213,57.5,17.5,5,5,31,0,,205
21577,213,57.5,17.5,6,5,20,0,,206
21577,213,57.5,17.5,7,5,25,0,,207
21577,213,57.5,17.5,8,6,24,0,,208
21480,213,58.5,20.5,10,9,24,0,,209
21481,213,58.5,21.5,5,5,22,0,,210
21481,213,58.5,21.5,11,9,27,0,,211
21482,213,58.1,22,6,4,14,0,,212
21569,213,56.5,19.5,8,6,21,0,,213
21576,213,57,16.7,3,6,19,0,,214
21576,213,57,16.7,10,10,20,0,,215
21577,213,57.5,17.5,4,5,26,0,,216
21450,213,55.5,20.5,1,8,32,0,,217
21450,213,55.5,20.5,2,7,32,0,,218
21450,213,55.5,20.5,3,6,25,0,,219
21450,213,55.5,20.5,4,5,17,0,,220
21450,213,55.5,20.5,5,4,16,0,,221
21450,213,55.5,20.5,7,5,21,0,,222
21450,213,55.5,20.5,8,5,18,0,,223
21450,213,55.5,20.5,9,7,30,0,,224
21450,213,55.5,20.5,10,7,28,0,,225
21450,213,55.5,20.5,11,9,27,0,,226
21450,213,55.5,20.5,12,9,37,0,,227
21451,213,55.5,21,1,8,17,3,,228
21451,213,55.5,21,2,7,15,0,,229
21451,213,55.5,21,3,5,14,0,,230
21451,213,55.5,21,4,5,13,0,,231
21451,213,55.5,21,5,5,12,0,,232
21451,213,55.5,21,6,5,11,0,,233
21451,213,55.5,21,7,4,12,0,,234
21451,213,55.5,21,8,6,16,0,,235
21451,213,55.5,21,9,6,15,0,,236
21451,213,55.5,21,10,7,15,0,,237
21451,213,55.5,21,11,6,14,0,,238
21451,213,55.5,21,12,6,14,2,,239
21533,213,53.5,13.5,6,5,8,4,,240
21534,213,53.7,14.5,5,4,9,0,,241
21534,213,53.7,14.5,6,8,13,3,,242
21534,213,53.7,14.5,7,7,14,1,,243
21534,213,53.7,14.5,9,6,9,0,,244
21534,213,53.7,14.5,12,7,13,3,,245
21543,213,54.5,13.5,1,6,31,0,,246
21543,213,54.5,13.5,2,6,30,0,,247
21543,213,54.5,13.5,3,6,44,0,,248
21543,213,54.5,13.5,4,5,37,0,,249
21543,213,54.5,13.5,5,4,21,0,,250
21543,213,54.5,13.5,6,5,37,0,,251
21543,213,54.5,13.5,7,4,40,0,,252
21543,213,54.5,13.5,8,4,25,0,,253
21543,213,54.5,13.5,9,5,36,0,,254
21543,213,54.5,13.5,10,5,25,0,,255
21543,213,54.5,13.5,11,6,35,0,,256
21543,213,54.5,13.5,12,6,30,0,,257
21544,213,54.5,14.5,1,5,41,0,,258
21544,213,54.5,14.5,2,5,28,0,,259
21544,213,54.5,14.5,3,5,21,0,,260
21544,213,54.5,14.5,4,5,30,0,,261
21544,213,54.5,14.5,5,4,23,0,,262
21544,213,54.5,14.5,6,5,26,0,,263
21544,213,54.5,14.5,7,5,23,0,,264
21544,213,54.5,14.5,8,5,20,0,,265
21544,213,54.5,14.5,9,6,29,0,,266
21544,213,54.5,14.5,10,6,29,0,,267
21544,213,54.5,14.5,11,6,27,0,,268
21544,213,54.5,14.5,12,6,24,0,,269
21545,213,54.5,15.5,1,8,25,0,,270
21545,213,54.5,15.5,2,8,40,0,,271
21545,213,54.5,15.5,3,7,30,0,,272
21545,213,54.5,15.5,4,7,24,0,,273
21545,213,54.5,15.5,5,5,24,0,,274
21545,213,54.5,15.5,6,6,36,0,,275
21545,213,54.5,15.5,7,5,25,0,,276
21545,213,54.5,15.5,8,6,18,0,,277
21545,213,54.5,15.5,9,7,45,0,,278
21545,213,54.5,15.5,10,8,24,0,,279
21545,213,54.5,15.5,11,8,25,0,,280
21545,213,54.5,15.5,12,8,28,0,,281
21546,213,54.9,16,1,9,27,0,,282
21546,213,54.9,16,2,7,35,0,,283
21546,213,54.9,16,3,7,20,0,,284
21546,213,54.9,16,4,6,22,0,,285
21546,213,54.9,16,5,5,17,0,,286
21546,213,54.9,16,6,5,16,0,,287
21546,213,54.9,16,7,6,20,0,,288
21546,213,54.9,16,8,5,23,0,,289
21546,213,54.9,16,9,7,31,0,,290
21546,213,54.9,16,10,7,27,0,,291
21546,213,54.9,16,11,9,27,0,,292
21546,213,54.9,16,12,8,21,0,,293
21547,213,54.8,17.2,1,8,20,0,,294
21547,213,54.8,17.2,2,8,22,0,,295
21547,213,54.8,17.2,3,7,23,0,,296
21547,213,54.8,17.2,4,5,20,0,,297
21547,213,54.8,17.2,5,5,16,0,,298
21547,213,54.8,17.2,6,5,39,0,,299
21547,213,54.8,17.2,7,5,18,0,,300
21547,213,54.8,17.2,8,6,20,0,,301
21547,213,54.8,17.2,9,6,23,0,,302
21547,213,54.8,17.2,10,7,20,0,,303
21547,213,54.8,17.2,11,8,23,0,,304
21547,213,54.8,17.2,12,8,23,0,,305
21548,213,54.9,18.9,1,7,45,0,,306
21548,213,54.9,18.9,2,7,24,0,,307
21548,213,54.9,18.9,3,7,27,0,,308
21548,213,54.9,18.9,4,5,22,0,,309
21548,213,54.9,18.9,5,5,17,0,,310
21548,213,54.9,18.9,6,5,28,0,,311
21548,213,54.9,18.9,7,5,30,0,,312
21548,213,54.9,18.9,8,5,23,0,,313
21548,213,54.9,18.9,9,6,25,0,,314
21548,213,54.9,18.9,10,7,20,0,,315
21548,213,54.9,18.9,11,8,23,0,,316
21548,213,54.9,18.9,12,7,21,0,,317
21549,213,54.5,19.5,1,7,25,0,,318
21549,213,54.5,19.5,2,8,28,0,,319
21549,213,54.5,19.5,3,7,24,0,,320
21549,213,54.5,19.5,4,5,30,0,,321
21549,213,54.5,19.5,5,4,19,0,,322
21549,213,54.5,19.5,6,4,21,0,,323
21549,213,54.5,19.5,7,5,20,0,,324
21549,213,54.5,19.5,8,5,22,0,,325
21549,213,54.5,19.5,9,6,39,0,,326
21549,213,54.5,19.5,10,7,30,0,,327
21549,213,54.5,19.5,11,8,28,0,,328
21549,213,54.5,19.5,12,7,20,0,,329
21553,213,55.1,13.2,1,8,43,0,,330
21553,213,55.1,13.2,2,7,43,0,,331
21553,213,55.1,13.2,3,7,37,0,,332
21553,213,55.1,13.2,4,5,39,0,,333
21553,213,55.1,13.2,5,5,37,0,,334
21553,213,55.1,13.2,6,5,42,0,,335
21553,213,55.1,13.2,7,5,30,0,,336
21553,213,55.1,13.2,9,7,37,0,,337
21553,213,55.1,13.2,10,7,37,0,,338
21553,213,55.1,13.2,11,9,45,0,,339
21553,213,55.1,13.2,12,8,37,0,,340
21554,213,55.5,14.5,1,9,43,0,,341
21554,213,55.5,14.5,2,8,36,0,,342
21554,213,55.5,14.5,4,6,30,0,,343
21554,213,55.5,14.5,5,6,28,0,,344
21554,213,55.5,14.5,6,6,36,0,,345
21554,213,55.5,14.5,7,6,30,0,,346
21554,213,55.5,14.5,8,6,30,0,,347
21554,213,55.5,14.5,10,8,43,0,,348
21554,213,55.5,14.5,11,9,33,0,,349
21554,213,55.5,14.5,12,9,38,0,,350
21555,213,55.5,15.5,1,9,29,0,,351
21555,213,55.5,15.5,2,9,40,0,,352
21555,213,55.5,15.5,4,7,24,0,,353
21555,213,55.5,15.5,5,6,33,0,,354
21555,213,55.5,15.5,6,6,31,0,,355
21555,213,55.5,15.5,7,6,25,0,,356
21555,213,55.5,15.5,8,7,29,0,,357
21555,213,55.5,15.5,9,7,37,0,,358
21555,213,55.5,15.5,11,9,35,0,,359
21555,213,55.5,15.5,12,9,26,0,,360
21556,213,55.5,16.5,1,8,37,0,,361
21556,213,55.5,16.5,2,9,22,0,,362
21556,213,55.5,16.5,3,8,23,0,,363
21556,213,55.5,16.5,4,6,25,0,,364
21556,213,55.5,16.5,5,6,45,0,,365
21556,213,55.5,16.5,6,6,31,0,,366
21556,213,55.5,16.5,7,6,25,0,,367
21556,213,55.5,16.5,8,6,40,0,,368
21556,213,55.5,16.5,9,7,26,0,,369
21556,213,55.5,16.5,10,8,23,0,,370
21556,213,55.5,16.5,11,9,31,0,,371
21556,213,55.5,16.5,12,9,36,0,,372
21557,213,55.5,17.5,1,9,34,0,,373
21557,213,55.5,17.5,2,8,31,0,,374
21557,213,55.5,17.5,3,7,27,0,,375
21557,213,55.5,17.5,4,6,23,0,,376
21557,213,55.5,17.5,5,6,38,0,,377
21557,213,55.5,17.5,6,6,30,0,,378
21557,213,55.5,17.5,7,6,21,0,,379
21557,213,55.5,17.5,8,6,28,0,,380
21557,213,55.5,17.5,9,7,31,0,,381
21557,213,55.5,17.5,10,8,26,0,,382
21557,213,55.5,17.5,11,9,30,0,,383
21557,213,55.5,17.5,12,9,26,0,,384
21558,213,55.5,18.5,1,9,27,0,,385
21558,213,55.5,18.5,2,8,30,0,,386
21558,213,55.5,18.5,3,7,30,0,,387
21558,213,55.5,18.5,4,6,22,0,,388
21558,213,55.5,18.5,5,6,24,0,,389
21558,213,55.5,18.5,6,5,24,0,,390
21558,213,55.5,18.5,7,6,22,0,,391
21558,213,55.5,18.5,8,6,28,0,,392
21558,213,55.5,18.5,9,8,35,0,,393
21558,213,55.5,18.5,10,8,25,0,,394
21558,213,55.5,18.5,11,8,28,0,,395
21558,213,55.5,18.5,12,9,29,0,,396
21559,213,55.5,19.5,1,8,35,0,,397
21559,213,55.5,19.5,2,8,27,0,,398
21559,213,55.5,19.5,3,7,45,0,,399
21559,213,55.5,19.5,4,6,24,0,,400
21559,213,55.5,19.5,5,5,24,0,,401
21559,213,55.5,19.5,6,5,21,0,,402
21559,213,55.5,19.5,7,6,18,0,,403
21559,213,55.5,19.5,8,6,23,0,,404
21559,213,55.5,19.5,9,7,24,0,,405
21559,213,55.5,19.5,10,8,24,0,,406
21559,213,55.5,19.5,11,9,25,0,,407
21559,213,55.5,19.5,12,9,24,0,,408
21564,213,56.1,14.9,1,12,14,5,,409
21564,213,56.1,14.9,2,6,17,1,,410
21564,213,56.1,14.9,3,8,11,2,,411
21564,213,56.1,14.9,4,6,12,1,,412
21564,213,56.1,14.9,5,3,11,0,,413
21564,213,56.1,14.9,8,6,10,0,,414
21564,213,56.1,14.9,12,10,12,5,,415
21565,213,56,15.8,1,10,22,2,,416
21565,213,56,15.8,2,8,21,0,,417
21565,213,56,15.8,3,7,25,1,,418
21565,213,56,15.8,4,7,28,0,,419
21565,213,56,15.8,5,7,15,0,,420
21565,213,56,15.8,6,5,16,0,,421
21565,213,56,15.8,7,4,13,0,,422
21565,213,56,15.8,8,4,14,0,,423
21565,213,56,15.8,9,7,17,1,,424
21565,213,56,15.8,10,9,16,0,,425
21565,213,56,15.8,11,8,20,2,,426
21565,213,56,15.8,12,8,20,2,,427
21566,213,56,16.5,1,9,32,0,,428
21566,213,56,16.5,2,9,31,0,,429
21566,213,56,16.5,3,8,35,0,,430
21566,213,56,16.5,4,6,41,0,,431
21566,213,56,16.5,5,5,23,0,,432
21566,213,56,16.5,6,5,23,0,,433
21566,213,56,16.5,7,6,33,0,,434
21566,213,56,16.5,8,6,27,0,,435
21566,213,56,16.5,9,7,30,0,,436
21566,213,56,16.5,10,8,24,0,,437
21566,213,56,16.5,11,9,27,0,,438
21566,213,56,16.5,12,9,27,0,,439
21450,213,55.5,20.5,6,5,19,0,,440
21553,213,55.1,13.2,8,5,37,0,,441
21554,213,55.5,14.5,3,8,42,0,,442
21554,213,55.5,14.5,9,7,36,0,,443
21555,213,55.5,15.5,3,8,28,0,,444
21555,213,55.5,15.5,10,8,30,0,,445
25004,213,60,24.8,8,5,12,0,,446
25005,213,60,25,1,3,23,0,,447
25005,213,60,25,6,4,14,0,,448
25005,213,60,25,7,4,11,0,,449
25005,213,60,25,8,3,15,0,,450
25005,213,60,25,9,5,16,0,,451
25005,213,60,25,10,7,15,1,,452
25005,213,60,25,11,5,21,0,,453
25005,213,60,25,12,4,15,0,,454
25006,213,60.1,26.9,1,8,22,0,,455
25006,213,60.1,26.9,2,7,21,0,,456
25006,213,60.1,26.9,3,6,19,0,,457
25006,213,60.1,26.9,4,6,19,0,,458
25006,213,60.1,26.9,5,5,15,0,,459
25006,213,60.1,26.9,6,5,26,0,,460
25006,213,60.1,26.9,7,5,19,0,,461
25006,213,60.1,26.9,8,6,22,0,,462
25006,213,60.1,26.9,9,7,22,0,,463
25006,213,60.1,26.9,10,8,19,0,,464
25006,213,60.1,26.9,11,7,21,0,,465
25006,213,60.1,26.9,12,9,22,0,,466
25007,213,60.5,27.5,1,8,21,0,,467
25007,213,60.5,27.5,2,7,25,0,,468
25007,213,60.5,27.5,3,7,23,0,,469
25007,213,60.5,27.5,4,6,18,0,,470
25007,213,60.5,27.5,5,5,22,0,,471
25007,213,60.5,27.5,6,5,19,0,,472
25007,213,60.5,27.5,7,5,19,0,,473
25007,213,60.5,27.5,8,6,20,0,,474
25007,213,60.5,27.5,9,7,20,0,,475
25007,213,60.5,27.5,10,8,24,0,,476
25007,213,60.5,27.5,11,8,22,0,,477
25007,213,60.5,27.5,12,9,22,0,,478
25004,213,60,24.8,1,9,22,0,,479
25004,213,60,24.8,2,6,22,0,,480
25004,213,60,24.8,3,6,17,0,,481
25004,213,60,24.8,4,4,20,0,,482
25004,213,60,24.8,6,6,15,0,,483
25004,213,60,24.8,7,5,14,1,,484
21483,213,58.1,23.4,1,5,16,4,,485
21483,213,58.1,23.4,2,9,19,1,,486
21483,213,58.1,23.4,3,9,16,5,,487
21483,213,58.1,23.4,4,4,13,0,,488
21483,213,58.1,23.4,5,4,14,0,,489
21483,213,58.1,23.4,6,4,18,0,,490
21483,213,58.1,23.4,7,4,13,0,,491
21483,213,58.1,23.4,8,4,12,0,,492
21483,213,58.1,23.4,9,5,20,0,,493
21483,213,58.1,23.4,10,6,15,0,,494
21483,213,58.1,23.4,11,7,22,2,,495
21483,213,58.1,23.4,12,8,11,1,,496
21484,213,58.2,24.3,4,6,11,1,,497
21484,213,58.2,24.3,5,4,13,0,,498
21484,213,58.2,24.3,6,3,12,0,,499
21484,213,58.2,24.3,7,4,13,0,,500
21484,213,58.2,24.3,8,5,12,1,,501
21484,213,58.2,24.3,9,5,15,1,,502
21484,213,58.2,24.3,10,6,16,1,,503
21484,213,58.2,24.3,11,6,14,0,,504
21484,213,58.2,24.3,12,9,13,6,,505
21492,213,59.5,22.5,1,9,25,0,,506
21492,213,59.5,22.5,2,8,22,0,,507
21492,213,59.5,22.5,3,7,22,0,,508
21492,213,59.5,22.5,4,6,21,0,,509
21492,213,59.5,22.5,5,5,45,0,,510
21492,213,59.5,22.5,6,5,20,0,,511
21492,213,59.5,22.5,7,5,23,0,,512
21492,213,59.5,22.5,8,6,26,0,,513
21492,213,59.5,22.5,9,8,28,0,,514
21492,213,59.5,22.5,10,8,24,0,,515
21492,213,59.5,22.5,11,9,40,0,,516
21492,213,59.5,22.5,12,9,27,0,,517
21493,213,59.5,23.5,1,9,44,0,,518
21493,213,59.5,23.5,2,8,27,0,,519
21493,213,59.5,23.5,3,7,23,0,,520
21493,213,59.5,23.5,4,6,28,0,,521
21493,213,59.5,23.5,5,5,30,0,,522
21493,213,59.5,23.5,6,5,45,0,,523
21493,213,59.5,23.5,7,5,23,0,,524
21493,213,59.5,23.5,8,6,23,0,,525
21493,213,59.5,23.5,9,7,22,0,,526
21493,213,59.5,23.5,10,8,22,0,,527
21493,213,59.5,23.5,11,9,29,0,,528
21493,213,59.5,23.5,12,9,29,0,,529
21494,213,59.5,24.5,1,9,20,0,,530
21494,213,59.5,24.5,2,8,40,0,,531
21494,213,59.5,24.5,3,7,25,0,,532
21494,213,59.5,24.5,4,5,19,0,,533
21494,213,59.5,24.5,5,5,19,0,,534
21494,213,59.5,24.5,6,5,23,0,,535
21494,213,59.5,24.5,7,5,44,0,,536
21494,213,59.5,24.5,8,6,27,0,,537
21494,213,59.5,24.5,9,6,24,0,,538
21494,213,59.5,24.5,10,8,21,0,,539
21494,213,59.5,24.5,11,8,23,0,,540
21494,213,59.5,24.5,12,8,24,0,,541
21495,213,59.8,25.2,1,8,40,0,,542
21495,213,59.8,25.2,2,8,23,0,,543
21495,213,59.8,25.2,3,7,28,0,,544
21495,213,59.8,25.2,4,5,23,0,,545
21495,213,59.8,25.2,5,5,21,0,,546
21495,213,59.8,25.2,6,5,23,0,,547
21495,213,59.8,25.2,7,5,26,0,,548
21495,213,59.8,25.2,8,6,19,0,,549
21495,213,59.8,25.2,9,7,24,0,,550
21495,213,59.8,25.2,10,9,24,0,,551
21495,213,59.8,25.2,11,9,24,0,,552
21495,213,59.8,25.2,12,8,25,0,,553
21496,213,59.8,26.2,1,8,17,0,,554
21496,213,59.8,26.2,2,8,27,0,,555
21496,213,59.8,26.2,3,6,26,0,,556
21496,213,59.8,26.2,4,5,19,0,,557
21496,213,59.8,26.2,5,4,17,0,,558
21496,213,59.8,26.2,6,6,16,0,,559
21496,213,59.8,26.2,7,6,20,0,,560
21496,213,59.8,26.2,8,6,18,0,,561
21496,213,59.8,26.2,9,7,19,0,,562
21496,213,59.8,26.2,10,8,19,0,,563
21496,213,59.8,26.2,11,9,18,0,,564
21497,213,59.5,27.5,1,10,20,0,,565
21497,213,59.5,27.5,2,7,19,0,,566
21497,213,59.5,27.5,3,6,24,0,,567
21497,213,59.5,27.5,4,5,15,0,,568
21497,213,59.5,27.5,5,4,18,0,,569
21497,213,59.5,27.5,7,3,13,0,,570
21497,213,59.5,27.5,8,5,16,0,,571
21497,213,59.5,27.5,9,6,16,1,,572
21497,213,59.5,27.5,10,6,14,0,,573
21497,213,59.5,27.5,11,8,17,0,,574
21497,213,59.5,27.5,12,6,25,2,,575
21472,213,57.8,22.6,1,7,20,0,,576
21472,213,57.8,22.6,2,7,20,0,,577
21472,213,57.8,22.6,3,6,30,0,,578
21472,213,57.8,22.6,4,5,18,0,,579
21472,213,57.8,22.6,5,4,15,0,,580
21472,213,57.8,22.6,6,5,16,0,,581
21472,213,57.8,22.6,7,5,15,0,,582
21472,213,57.8,22.6,8,6,17,0,,583
21472,213,57.8,22.6,9,7,20,0,,584
21472,213,57.8,22.6,10,7,20,0,,585
21472,213,57.8,22.6,11,8,19,0,,586
21472,213,57.8,22.6,12,9,23,0,,587
21473,213,57.5,23.5,1,8,17,0,,588
21473,213,57.5,23.5,2,6,16,0,,589
21473,213,57.5,23.5,3,6,18,0,,590
21473,213,57.5,23.5,4,5,15,0,,591
21473,213,57.5,23.5,5,4,20,0,,592
21473,213,57.5,23.5,6,5,30,0,,593
21473,213,57.5,23.5,7,4,16,0,,594
21473,213,57.5,23.5,8,5,19,0,,595
21473,213,57.5,23.5,9,6,21,0,,596
21473,213,57.5,23.5,10,6,22,0,,597
21473,213,57.5,23.5,11,7,33,0,,598
21473,213,57.5,23.5,12,10,23,0,,599
21474,213,57.4,24.1,1,7,11,0,,600
21474,213,57.4,24.1,2,7,12,0,,601
21474,213,57.4,24.1,3,6,20,0,,602
21474,213,57.4,24.1,4,3,8,0,,603
21474,213,57.4,24.1,5,4,12,0,,604
21474,213,57.4,24.1,6,4,11,0,,605
21474,213,57.4,24.1,7,4,11,0,,606
21474,213,57.4,24.1,8,4,12,0,,607
21474,213,57.4,24.1,9,5,15,0,,608
21474,213,57.4,24.1,10,6,20,0,,609
21474,213,57.4,24.1,11,6,12,0,,610
21474,213,57.4,24.1,12,12,16,2,,611
21496,213,59.8,26.2,12,8,21,0,,612
21497,213,59.5,27.5,6,5,17,0,,613
25020,213,62.5,20.5,1,10,34,0,,614
25020,213,62.5,20.5,2,8,22,0,,615
25020,213,62.5,20.5,3,7,20,0,,616
25020,213,62.5,20.5,4,7,18,0,,617
25020,213,62.5,20.5,5,5,20,0,,618
25020,213,62.5,20.5,6,5,15,0,,619
25020,213,62.5,20.5,7,5,18,0,,620
25020,213,62.5,20.5,8,5,15,0,,621
25020,213,62.5,20.5,9,6,20,0,,622
25020,213,62.5,20.5,10,8,18,0,,623
25020,213,62.5,20.5,11,9,23,0,,624
25020,213,62.5,20.5,12,9,23,1,,625
25021,213,62.1,21.1,1,11,25,1,,626
25021,213,62.1,21.1,2,10,24,2,,627
25021,213,62.1,21.1,3,5,20,0,,628
25021,213,62.1,21.1,4,8,16,1,,629
25021,213,62.1,21.1,5,4,13,0,,630
25021,213,62.1,21.1,6,7,15,0,,631
25021,213,62.1,21.1,7,8,11,3,,632
25021,213,62.1,21.1,8,7,15,0,,633
25021,213,62.1,21.1,9,8,19,2,,634
25021,213,62.1,21.1,10,12,16,3,,635
25021,213,62.1,21.1,11,8,20,5,,636
25021,213,62.1,21.1,12,10,26,0,,637
25030,213,63.5,20.5,2,7,30,0,,638
25030,213,63.5,20.5,3,7,40,0,,639
25030,213,63.5,20.5,4,6,34,0,,640
25030,213,63.5,20.5,5,5,18,0,,641
25030,213,63.5,20.5,6,5,22,0,,642
25030,213,63.5,20.5,7,5,14,0,,643
25030,213,63.5,20.5,9,7,24,1,,644
25030,213,63.5,20.5,10,7,16,0,,645
25030,213,63.5,20.5,11,8,21,0,,646
25030,213,63.5,20.5,12,7,22,0,,647
21599,213,59.5,19.5,1,8,25,0,,648
21599,213,59.5,19.5,2,7,23,0,,649
21599,213,59.5,19.5,3,6,43,0,,650
21599,213,59.5,19.5,4,5,33,0,,651
21599,213,59.5,19.5,5,5,21,0,,652
21599,213,59.5,19.5,6,5,28,0,,653
21599,213,59.5,19.5,7,5,23,0,,654
21599,213,59.5,19.5,8,5,24,0,,655
21599,213,59.5,19.5,9,6,22,0,,656
21599,213,59.5,19.5,10,7,23,0,,657
21599,213,59.5,19.5,11,7,30,0,,658
21599,213,59.5,19.5,12,9,25,0,,659
25107,213,60.7,17.3,1,6,20,1,,660
25107,213,60.7,17.3,3,4,19,0,,661
25107,213,60.7,17.3,4,5,15,0,,662
25107,213,60.7,17.3,5,3,16,0,,663
25107,213,60.7,17.3,6,3,15,0,,664
25107,213,60.7,17.3,7,3,9,0,,665
25107,213,60.7,17.3,9,3,16,0,,666
25107,213,60.7,17.3,10,5,14,2,,667
25107,213,60.7,17.3,11,6,16,2,,668
25107,213,60.7,17.3,12,5,16,0,,669
25108,213,60.5,18.5,1,7,22,0,,670
25108,213,60.5,18.5,2,5,26,0,,671
25108,213,60.5,18.5,4,4,15,0,,672
25108,213,60.5,18.5,5,3,16,0,,673
25108,213,60.5,18.5,6,3,20,0,,674
25108,213,60.5,18.5,7,3,14,0,,675
25108,213,60.5,18.5,8,3,16,0,,676
25108,213,60.5,18.5,9,5,22,0,,677
25108,213,60.5,18.5,10,7,16,0,,678
25108,213,60.5,18.5,11,7,20,0,,679
25108,213,60.5,18.5,12,6,23,0,,680
25109,213,60.5,19.5,1,7,28,0,,681
25109,213,60.5,19.5,2,7,38,0,,682
25109,213,60.5,19.5,3,6,24,0,,683
25109,213,60.5,19.5,4,6,36,0,,684
25109,213,60.5,19.5,5,4,30,0,,685
25109,213,60.5,19.5,6,4,23,0,,686
25109,213,60.5,19.5,7,4,19,0,,687
25109,213,60.5,19.5,8,5,20,0,,688
25109,213,60.5,19.5,9,5,24,0,,689
25109,213,60.5,19.5,10,7,22,0,,690
25109,213,60.5,19.5,11,7,22,0,,691
25109,213,60.5,19.5,12,8,25,0,,692
25117,213,61.5,17.5,1,5,18,2,,693
25117,213,61.5,17.5,2,5,22,0,,694
25117,213,61.5,17.5,3,4,19,0,,695
25117,213,61.5,17.5,4,4,15,0,,696
25117,213,61.5,17.5,5,4,15,0,,697
25117,213,61.5,17.5,6,5,12,0,,698
25117,213,61.5,17.5,7,4,10,1,,699
25117,213,61.5,17.5,8,5,10,0,,700
25117,213,61.5,17.5,9,5,15,0,,701
25117,213,61.5,17.5,10,4,25,1,,702
25117,213,61.5,17.5,11,7,24,1,,703
25117,213,61.5,17.5,12,9,16,1,,704
25118,213,61.5,18.5,1,7,24,2,,705
25118,213,61.5,18.5,2,7,20,0,,706
25118,213,61.5,18.5,3,6,18,0,,707
25118,213,61.5,18.5,4,6,15,0,,708
25118,213,61.5,18.5,5,4,17,0,,709
25118,213,61.5,18.5,6,4,20,0,,710
25118,213,61.5,18.5,7,5,11,0,,711
25118,213,61.5,18.5,8,5,13,0,,712
25118,213,61.5,18.5,9,7,16,1,,713
25118,213,61.5,18.5,10,7,23,0,,714
25118,213,61.5,18.5,11,7,20,1,,715
25118,213,61.5,18.5,12,8,21,1,,716
25119,213,61.5,19.5,1,8,25,0,,717
25119,213,61.5,19.5,2,8,37,0,,718
25119,213,61.5,19.5,3,7,19,0,,719
25119,213,61.5,19.5,4,6,18,0,,720
25119,213,61.5,19.5,5,5,22,0,,721
25119,213,61.5,19.5,6,4,20,0,,722
25119,213,61.5,19.5,7,4,19,0,,723
25119,213,61.5,19.5,8,5,20,0,,724
25119,213,61.5,19.5,9,7,20,0,,725
25119,213,61.5,19.5,10,7,18,0,,726
25119,213,61.5,19.5,11,8,21,0,,727
25119,213,61.5,19.5,12,9,21,0,,728
25127,213,62.3,17.5,1,5,24,0,,729
25127,213,62.3,17.5,2,4,35,0,,730
25127,213,62.3,17.5,3,5,18,0,,731
25127,213,62.3,17.5,4,4,15,0,,732
25127,213,62.3,17.5,5,4,10,2,,733
25127,213,62.3,17.5,6,4,6,1,,734
25127,213,62.3,17.5,7,3,7,2,,735
25127,213,62.3,17.5,9,3,10,1,,736
25127,213,62.3,17.5,11,6,16,3,,737
25127,213,62.3,17.5,12,3,11,0,,738
25128,213,62.5,18.5,1,6,22,0,,739
25128,213,62.5,18.5,2,6,37,0,,740
25128,213,62.5,18.5,3,6,24,0,,741
25128,213,62.5,18.5,4,4,44,0,,742
25128,213,62.5,18.5,5,4,24,0,,743
25128,213,62.5,18.5,6,4,17,0,,744
25128,213,62.5,18.5,7,5,13,1,,745
25128,213,62.5,18.5,8,5,12,0,,746
25128,213,62.5,18.5,9,5,19,1,,747
25128,213,62.5,18.5,10,7,16,2,,748
25128,213,62.5,18.5,11,7,20,0,,749
25128,213,62.5,18.5,12,7,22,1,,750
25129,213,62.5,19.5,1,8,18,0,,751
25129,213,62.5,19.5,2,7,20,0,,752
25129,213,62.5,19.5,3,7,24,0,,753
25129,213,62.5,19.5,4,5,17,0,,754
25129,213,62.5,19.5,5,5,17,0,,755
25129,213,62.5,19.5,6,5,19,0,,756
25129,213,62.5,19.5,7,5,17,0,,757
25129,213,62.5,19.5,8,5,20,0,,758
25129,213,62.5,19.5,9,6,16,0,,759
25129,213,62.5,19.5,10,7,19,0,,760
25129,213,62.5,19.5,11,7,21,0,,761
25129,213,62.5,19.5,12,8,24,0,,762
25138,213,63.1,18.8,1,2,15,0,,763
25138,213,63.1,18.8,2,5,22,0,,764
25138,213,63.1,18.8,3,6,26,0,,765
25138,213,63.1,18.8,4,4,15,0,,766
25138,213,63.1,18.8,5,4,10,0,,767
25138,213,63.1,18.8,6,5,14,2,,768
25138,213,63.1,18.8,7,5,7,3,,769
25138,213,63.1,18.8,9,9,15,2,,770
25138,213,63.1,18.8,10,10,20,2,,771
25138,213,63.1,18.8,12,4,12,1,,772
25139,213,63,19,1,4,40,0,,773
25139,213,63,19,2,6,27,0,,774
25139,213,63,19,3,6,40,0,,775
25139,213,63,19,4,5,15,0,,776
25139,213,63,19,5,3,9,0,,777
25139,213,63,19,7,4,13,0,,778
25139,213,63,19,8,4,10,1,,779
25139,213,63,19,9,8,23,0,,780
25139,213,63,19,10,6,16,0,,781
25139,213,63,19,11,6,17,3,,782
25139,213,63,19,12,5,16,1,,783
21490,213,59.5,20.5,1,9,22,0,,784
21490,213,59.5,20.5,2,7,21,0,,785
21490,213,59.5,20.5,3,7,31,0,,786
21490,213,59.5,20.5,4,6,20,0,,787
21490,213,59.5,20.5,5,5,19,0,,788
21490,213,59.5,20.5,6,6,23,0,,789
21490,213,59.5,20.5,7,5,17,0,,790
21490,213,59.5,20.5,8,6,22,0,,791
21490,213,59.5,20.5,9,7,22,0,,792
21490,213,59.5,20.5,10,8,20,0,,793
21490,213,59.5,20.5,11,9,28,0,,794
21490,213,59.5,20.5,12,9,22,0,,795
21491,213,59.5,21.5,1,10,30,0,,796
21491,213,59.5,21.5,2,8,23,0,,797
21491,213,59.5,21.5,3,7,30,0,,798
21491,213,59.5,21.5,4,7,20,0,,799
21491,213,59.5,21.5,5,6,22,0,,800
21491,213,59.5,21.5,6,6,16,0,,801
21491,213,59.5,21.5,7,6,24,0,,802
21491,213,59.5,21.5,8,6,26,0,,803
21491,213,59.5,21.5,9,8,24,0,,804
21491,213,59.5,21.5,10,8,43,0,,805
21491,213,59.5,21.5,11,9,28,0,,806
21491,213,59.5,21.5,12,9,40,0,,807
25107,213,60.7,17.3,2,6,18,0,,808
25107,213,60.7,17.3,8,3,10,0,,809
25108,213,60.5,18.5,3,6,16,0,,810
25139,213,63,19,6,3,13,0,,811
25030,213,63.5,20.5,1,7,24,0,,812
25030,213,63.5,20.5,8,5,15,0,,813
25004,213,60,24.8,9,6,18,1,,814
25005,213,60,25,2,5,15,0,,815
25009,213,60,29,1,5,19,0,,816
25009,213,60,29,5,5,17,0,,817
25009,213,60,29,6,4,17,0,,818
25009,213,60,29,7,5,15,0,,819
25009,213,60,29,8,5,30,0,,820
25009,213,60,29,9,6,21,0,,821
25009,213,60,29,10,6,30,0,,822
25009,213,60,29,11,7,18,0,,823
25009,213,60,29,12,6,21,0,,824
24900,213,60,30,2,6,14,3,,825
25002,213,60,22,1,12,21,1,,826
25002,213,60,22,6,7,11,0,,827
25002,213,60,22,7,5,12,0,,828
25002,213,60,22,8,4,12,0,,829
25002,213,60,22,9,6,15,1,,830
25002,213,60,22,11,8,19,2,,831
25002,213,60,22,12,10,22,3,,832
21390,213,59.9,30.1,3,6,10,3,,833
21390,213,59.9,30.1,6,5,12,0,,834
21390,213,59.9,30.1,7,5,11,0,,835
21390,213,59.9,30.1,8,3,12,0,,836
21390,213,59.9,30.1,9,3,17,0,,837
21390,213,59.9,30.1,10,5,10,1,,838
21498,213,59.9,28,2,7,16,0,,839
21498,213,59.9,28,3,7,12,3,,840
21498,213,59.9,28,4,5,8,3,,841
21498,213,59.9,28,5,4,13,0,,842
21498,213,59.9,28,6,3,14,0,,843
21498,213,59.9,28,7,3,14,0,,844
21498,213,59.9,28,9,3,12,0,,845
21498,213,59.9,28,10,6,19,0,,846
21498,213,59.9,28,11,5,11,3,,847
21498,213,59.9,28,12,6,11,1,,848
21499,213,59.9,29.9,1,13,17,8,,849
21499,213,59.9,29.9,3,7,13,0,,850
21499,213,59.9,29.9,5,4,12,0,,851
21499,213,59.9,29.9,6,5,14,0,,852
21499,213,59.9,29.9,7,3,11,0,,853
21499,213,59.9,29.9,8,4,12,0,,854
21499,213,59.9,29.9,9,4,13,0,,855
21499,213,59.9,29.9,10,4,17,0,,856
21499,213,59.9,29.9,11,1,10,0,,857
21390,213,59.9,30.1,5,3,9,0,,858
21390,213,59.9,30.1,11,4,11,0,,859
21498,213,59.9,28,1,9,16,5,,860
21498,213,59.9,28,8,2,10,0,,861
21499,213,59.9,29.9,4,4,6,2,,862
25055,213,65,25,1,6,24,0,,863
25055,213,65,25,2,6,28,3,,864
25055,213,65,25,3,6,19,0,,865
25055,213,65,25,4,4,7,1,,866
25055,213,65,25,12,6,27,1,,867
25044,213,64.9,24.9,1,7,18,1,,868
25044,213,64.9,24.9,2,7,19,2,,869
25044,213,64.9,24.9,3,8,21,0,,870
25044,213,64.9,24.9,4,7,16,0,,871
25044,213,64.9,24.9,5,6,16,0,,872
25044,213,64.9,24.9,6,9,18,0,,873
25044,213,64.9,24.9,7,8,13,2,,874
25044,213,64.9,24.9,8,10,15,0,,875
25044,213,64.9,24.9,9,7,13,2,,876
25044,213,64.9,24.9,10,8,24,0,,877
25044,213,64.9,24.9,11,7,15,0,,878
25044,213,64.9,24.9,12,5,14,0,,879
25051,213,65,21.8,1,5,17,0,,880
25051,213,65,21.8,2,6,19,0,,881
25051,213,65,21.8,3,6,24,0,,882
25051,213,65,21.8,4,4,15,0,,883
25051,213,65,21.8,5,4,12,0,,884
25051,213,65,21.8,10,6,6,6,,885
25051,213,65,21.8,11,6,9,4,,886
25051,213,65,21.8,12,4,15,0,,887
25052,213,65.5,22.5,1,6,25,0,,888
25052,213,65.5,22.5,2,6,25,0,,889
25052,213,65.5,22.5,3,7,34,0,,890
25052,213,65.5,22.5,4,6,41,0,,891
25052,213,65.5,22.5,5,5,44,0,,892
25052,213,65.5,22.5,6,4,10,0,,893
25052,213,65.5,22.5,7,5,17,0,,894
25052,213,65.5,22.5,8,5,13,0,,895
25052,213,65.5,22.5,9,2,13,0,,896
25052,213,65.5,22.5,10,7,18,0,,897
25052,213,65.5,22.5,11,9,18,1,,898
25052,213,65.5,22.5,12,4,19,0,,899
25053,213,65.5,23.5,1,7,26,0,,900
25053,213,65.5,23.5,2,6,36,0,,901
25053,213,65.5,23.5,3,7,29,0,,902
25053,213,65.5,23.5,4,6,20,0,,903
25053,213,65.5,23.5,5,6,16,0,,904
25053,213,65.5,23.5,6,5,19,0,,905
25053,213,65.5,23.5,7,3,13,0,,906
25053,213,65.5,23.5,8,5,14,0,,907
25053,213,65.5,23.5,9,11,18,1,,908
25053,213,65.5,23.5,10,7,19,0,,909
25053,213,65.5,23.5,11,6,17,0,,910
25053,213,65.5,23.5,12,6,21,1,,911
25054,213,65.5,24.5,1,8,21,0,,912
25054,213,65.5,24.5,2,8,31,0,,913
25054,213,65.5,24.5,3,8,33,0,,914
25054,213,65.5,24.5,4,5,17,1,,915
25054,213,65.5,24.5,6,4,7,0,,916
25054,213,65.5,24.5,7,7,11,3,,917
25054,213,65.5,24.5,8,4,9,0,,918
25054,213,65.5,24.5,9,7,12,6,,919
25054,213,65.5,24.5,10,5,14,2,,920
25054,213,65.5,24.5,12,6,16,1,,921
25054,213,65.5,24.5,5,6,18,0,,922
25054,213,65.5,24.5,11,4,16,1,,923
25041,213,64.6,21.5,1,6,29,0,,924
25041,213,64.6,21.5,2,6,45,0,,925
25041,213,64.6,21.5,3,6,37,0,,926
25041,213,64.6,21.5,4,6,36,0,,927
25041,213,64.6,21.5,5,5,41,0,,928
25041,213,64.6,21.5,6,5,19,0,,929
25041,213,64.6,21.5,7,5,14,0,,930
25041,213,64.6,21.5,8,5,17,0,,931
25041,213,64.6,21.5,9,6,17,0,,932
25041,213,64.6,21.5,10,7,22,0,,933
25041,213,64.6,21.5,11,7,22,0,,934
25041,213,64.6,21.5,12,7,22,0,,935
25042,213,64.5,22.5,1,7,21,0,,936
25042,213,64.5,22.5,2,7,22,0,,937
25042,213,64.5,22.5,3,7,26,0,,938
25042,213,64.5,22.5,4,6,29,0,,939
25042,213,64.5,22.5,5,7,44,0,,940
25042,213,64.5,22.5,6,5,16,0,,941
25042,213,64.5,22.5,7,5,17,0,,942
25042,213,64.5,22.5,8,6,20,0,,943
25042,213,64.5,22.5,9,7,23,1,,944
25042,213,64.5,22.5,10,8,20,0,,945
25042,213,64.5,22.5,11,8,24,1,,946
25042,213,64.5,22.5,12,7,30,0,,947
25043,213,64.5,23.5,1,8,21,0,,948
25043,213,64.5,23.5,2,8,34,0,,949
25043,213,64.5,23.5,3,8,41,0,,950
250,,,,,,,,,
